Year,Afghanistan,Albania,Algeria,Andorra,Angola,Antigua and Barbuda,Argentina,Armenia,Australia,Austria,Azerbaijan,Bahamas,Bahrain,Bangladesh,Barbados,Belarus,Belgium,Belize,Benin,Bhutan,Bolivia (Plurinational State of),Bosnia and Herzegovina,Botswana,Brazil,Brunei Darussalam,Bulgaria,Burkina Faso,Burundi,Cabo Verde,Cambodia,Cameroon,Canada,Central African Republic,Chad,Chile,China,Colombia,Comoros,Congo,Cook Islands,Costa Rica,Cote d'Ivoire,Croatia,Cuba,Cyprus,Czechia,Democratic People's Republic of Korea,Democratic Republic of the Congo,Denmark,Djibouti,Dominica,Dominican Republic,Ecuador,Egypt,El Salvador,Equatorial Guinea,Eritrea,Estonia,Eswatini,Ethiopia,Fiji,Finland,France,Gabon,Gambia,Georgia,Germany,Ghana,Greece,Grenada,Guatemala,Guinea,Guinea-Bissau,Guyana,Haiti,Honduras,Hungary,Iceland,India,Indonesia,Iran (Islamic Republic of),Iraq,Ireland,Israel,Italy,Jamaica,Japan,Jordan,Kazakhstan,Kenya,Kiribati,Kuwait,Kyrgyzstan,Lao People's Democratic Republic,Latvia,Lebanon,Lesotho,Liberia,Libya,Lithuania,Luxembourg,Madagascar,Malawi,Malaysia,Maldives,Mali,Malta,Marshall Islands,Mauritania,Mauritius,Mexico,Micronesia (Federated States of),Monaco,Mongolia,Montenegro,Morocco,Mozambique,Myanmar,Namibia,Nauru,Nepal,Netherlands (Kingdom of the),New Zealand,Nicaragua,Niger,Nigeria,North Macedonia,Norway,Oman,Pakistan,Palau,Panama,Papua New Guinea,Paraguay,Peru,Philippines,Poland,Portugal,Puerto Rico,Qatar,Republic of Korea,Republic of Moldova,Romania,Russian Federation,Rwanda,Saint Kitts and Nevis,Saint Lucia,Saint Vincent and the Grenadines,Samoa,San Marino,Sao Tome and Principe,Saudi Arabia,Senegal,Serbia,Seychelles,Sierra Leone,Singapore,Slovakia,Slovenia,Solomon Islands,Somalia,South Africa,South Sudan,Spain,Sri Lanka,Sudan,Suriname,Sweden,Switzerland,Syrian Arab Republic,Tajikistan,Thailand,Timor-Leste,Togo,Tonga,Trinidad and Tobago,Tunisia,Turkmenistan,Tuvalu,Türkiye,Uganda,Ukraine,United Arab Emirates,United Kingdom of Great Britain and Northern Ireland,United Republic of Tanzania,United States of America,Uruguay,Uzbekistan,Vanuatu,Venezuela (Bolivarian Republic of),Viet Nam,Yemen,Zambia,Zimbabwe,"occupied Palestinian territory, including east Jerusalem"
1985,13181,30.43,2449,0.12,4336,0.53,544.4,48.25,21.43,12.15,95.52,3.76,4.6,37750,2.27,48.34,10.15,6.11,1956,205.1,1249,26.61,138.2,7343,5.19,30.55,3326,3529,61.41,2686,2495,26.99,976.3,2808,202.7,30261,1180,153.1,448.2,0.077,35.49,3699,6.55,119.5,2.79,20.58,301.9,13579,6.51,132.2,1.13,516.7,566.6,2724,337.8,116.1,1360,13.06,191.8,27293,18.36,4.14,156.1,124,612.2,37.85,113.3,5550,11.12,2.09,970.7,3225,798.8,58.23,2393,353.7,33.08,0.45,179946,23230,3353,943.6,6.91,33.68,128.2,28.49,259.4,113.6,308.8,5725,6.36,6.18,113,1615,20.07,56.64,438.3,1864,112.8,20.46,0.99,3510,4280,287.6,49.29,4973,1.18,4.63,726.3,21.57,2629,7.77,0.12,260.3,1.21,5788,8799,7765,148.8,0.52,8174,21.06,10.07,479.7,4564,52355,6.42,4.64,27.82,18766,0.29,60.89,515.5,305.9,1326,4140,130.9,26.3,20.33,1.57,263.7,62.22,639.6,1985,3541,3.11,2.42,2.22,9.68,0.027,7.07,144.5,2731,15.86,1.2,2559,8.51,17.3,4.43,24.02,4780,2496,9421,29.53,238.5,8721,49.11,7.98,10.9,240.3,187.9,954.3,589.6,1002,5.06,28.63,311.3,96.41,0.69,838.4,6290,418.2,7.53,13.12,10073,423.4,22.09,474.9,11.26,452.6,3528,2637,1917,2109,81.94
1986,11069,28.57,2178,0.11,4447,0.49,527.4,46.76,20.7,12.31,102.5,3.77,4.84,36010,2.23,50.69,10.38,5.49,1889,196.4,1232,24.58,136,6887,5.26,29.33,3334,3576,58.2,2599,2610,26.64,993.8,2756,197.6,31174,1020,151.6,448.7,0.057,35.68,3672,6.3,122.7,2.65,21.81,278.2,13579,6.68,135.3,1.17,502.4,543.5,2627,296.5,125.3,1340,11,182.5,27842,17.51,4.57,154.8,126,611.7,37.38,115.3,5421,9.89,2.08,943,3276,793.2,56.56,2398,344.6,32.38,0.58,173637,21808,3089,921.7,6.73,33.08,123,28.44,237.9,109.1,301.6,5698,6.14,6.02,110.1,1598,17.69,55.75,425.4,1830,106.5,18.02,1.04,3449,4403,273.5,46.28,4927,1.06,5.09,711.2,19.89,2463,7.64,0.068,257.3,1.13,5311,8321,7340,150.7,0.58,7983,23.17,9.4,472.8,4557,53872,6.01,4.62,25.56,19570,0.28,60.3,514.6,304,1300,4077,120.3,23.52,19.23,1.47,235.6,60.36,661.3,1756,3606,2.88,2.43,1.96,9.23,0.026,7.96,140.6,2507,15.03,1.15,2659,7.11,16.52,4.12,26.61,4947,2428,9267,29.02,221.5,8465,48.25,8.42,10.95,232.8,184.2,848.3,575.5,997.1,5.02,28.49,287.1,97.4,0.69,793.7,6086,406.6,7.98,16.43,10131,430.7,22,467.9,10.59,447.6,3231,2721,2049,1930,78.94
1987,10827,27.41,1941,0.11,4902,0.53,509.1,44.34,21.26,11.33,95.55,3.75,4.82,35477,2.15,48.08,10.3,5.33,1845,187.5,1188,23.18,134.5,6465,5.24,28.7,3340,3640,54.39,2507,2574,25.87,1027,3081,193.6,31485,1005,151.8,446.8,0.062,34.6,3610,6.07,123.7,2.5,19.69,252.6,13376,6.64,139.3,1.17,485.6,392.9,2526,319.1,132.8,1307,10.46,174.7,28017,17.14,4.4,146.6,128.1,613.4,34.43,112.9,5269,9.76,2.11,936.7,3323,786.2,54.53,2383,334.1,29.87,0.55,164799,20929,2823,932.9,5.97,27.89,115.5,28.64,215.1,105.2,294.4,5602,6.22,5.74,107.9,1582,18.19,63.9,448.1,1835,98.31,16.63,0.96,3396,4526,258.2,43.52,4795,1.06,5.33,690.6,19.94,2272,7.96,0.066,256.7,1.09,4891,8351,6933,151.3,0.59,7720,23.11,10.48,480.4,4542,54278,6.07,4.72,23.68,20423,0.28,59.68,514.5,301.6,1301,3993,111.3,23.69,18.65,1.49,224.9,56.91,651,1661,3696,2.95,2.87,1.85,8.76,0.026,7.51,137.1,2353,14.36,1.08,2735,7.92,16.01,4.1,23.97,4967,2382,20183,28.59,213,8361,47.73,8.65,10.61,220.8,193.2,775.6,548.5,999.6,4.88,26.56,248.9,96.56,0.78,750.6,5760,360.6,8.07,22.64,10259,444.5,22.18,431.9,11.07,457.9,2938,2598,2141,1760,74.06
1988,9365,26.92,1786,0.11,4932,0.5,497,46.2,21.62,11.37,96.87,3.82,4.9,34900,2.04,50.95,10.37,5.36,1770,176.7,1152,21.24,141,6142,5.17,30.02,3337,3899,51.65,2474,2641,26.82,1057,3167,187,28456,955.2,150,449.8,0.044,33.96,3561,5.73,127.1,2.55,20.33,227,13141,7.41,144.2,1.26,474.7,505.9,2415,314.1,138.7,1288,10.59,166.4,29367,16.33,4.81,146.6,131.5,607.9,35.03,113.2,5067,8.31,1.72,948.9,3363,775.7,52.5,2370,326.5,28.96,0.5,157724,20801,2577,1162,5.95,28.96,115.1,29.87,201.7,101.9,279.8,5529,6.01,5.59,105.8,1566,17.23,64.77,442.4,1862,93.05,15.91,1.1,3420,4925,254.2,39.5,4804,0.99,5.25,684.3,19.01,2137,7.83,0.063,253.4,1.06,4469,7674,6629,160.3,0.59,7480,22.68,10.68,459.8,4495,54805,6.18,5.37,22.08,20973,0.31,60.26,521.2,300.4,1296,3905,107.5,22.02,19.29,1.51,202.2,50.56,597.2,1502,3854,2.96,2.87,1.75,8.45,0.026,7.5,132.7,2206,13.66,1.02,2827,9.77,15,4.03,23.49,5229,2264,13917,27.81,203.6,8172,46.7,10.16,11.66,206.4,185.2,721.8,548.4,1007,4.81,25.52,215.4,92.48,0.92,698.7,5504,330.8,8.32,31.33,10355,464.6,21.58,386.3,9.65,455.8,2804,2602,2211,1554,76.65
1989,9328,26.36,1665,0.13,5023,0.54,480.3,38.84,22.57,10.93,91.71,3.92,4.87,34750,2.19,49.15,10.55,5.35,1725,167.4,1095,18.31,131.7,5640,5.13,28.92,3322,3920,48.28,2318,2720,29.52,1100,3284,181.7,28201,907,147.8,457.4,0.037,33.63,3534,5.32,124.9,2.33,19.59,204.3,12947,7.84,147.8,1.25,464.6,512.4,2260,282.8,146,1285,11.67,176,30223,15.93,4.96,144,133.2,609.4,37.41,105.8,4903,7.65,1.81,960.5,3399,755.7,51.19,2326,317.2,30.24,0.62,151595,19292,2248,1306,5.17,27.43,107.4,30.93,179.6,100.1,264.4,5404,5.89,5.55,101.7,1528,17.88,49.67,437.9,1882,86.57,17.23,0.98,3512,5050,238.3,35.62,4747,1,5.7,702.3,18.36,2060,7.5,0.06,232.8,0.99,4092,7363,6527,150.8,0.59,7113,23.84,10.33,436.2,4478,55229,5.47,5.25,20.56,21393,0.31,62.96,518.6,288.4,1302,3794,101.4,21.29,22.48,1.48,193.5,45.26,521.8,1347,4029,3.05,2.62,1.8,7.99,0.026,8.17,127.6,2094,12.92,1.01,2938,8.27,13.76,3.41,23.4,4999,2145,12774,27.1,203,8369,46.19,9.82,11.66,189.4,197.6,697.7,482.9,1052,4.6,24.05,189.3,86.49,0.89,656.7,5278,297.2,8.45,40.06,10266,482,20.09,353.9,9.2,454.4,2840,2552,2272,1372,76.91
1990,9875,25.23,1531,0.11,5122,0.54,488.8,41.17,23.05,10.53,85.55,4.01,4.88,34145,2.51,45.78,11.13,5.24,1670,158.5,1048,16.85,130,5163,4.92,28.46,3276,3971,44.91,2330,2819,30.08,1165,3508,167.5,28532,891.1,143.3,467.7,0.038,33.32,3510,5.49,122.8,2.32,19.83,186.9,12704,7.7,156.2,1.4,446,527.5,2087,263.2,150.6,1190,9.88,183.5,31924,15.98,5.25,136.8,136.2,607.5,34.45,105.9,4790,7.14,1.65,971.1,3398,753.6,50.21,2292,303.9,30.85,0.62,145253,18551,2087,1391,5.74,26.44,104.6,33.39,165.7,93.46,250.6,6237,5.61,8.63,101.3,1527,17.76,47.95,422.9,2525,80.01,16.47,1.17,3677,5143,238.5,32.1,4696,0.97,5.89,693.5,17.53,1965,7.4,0.056,204,1,3788,7046,6350,182.5,0.6,6847,23.75,10.48,429.4,4489,55571,5.97,5.44,18.98,21602,0.34,58.4,514.8,275.3,1312,3761,99.15,20.38,21.02,1.4,194.4,43.74,372.3,1184,4255,2.9,2.82,1.85,7.8,0.027,8.22,122.5,2068,12.76,0.88,3000,8.55,14.22,3.1,23.34,4835,1987,12082,26.12,197.2,8099,43.47,10.35,11.68,173.5,186,649,480.1,1094,4.58,22.23,183.5,81.17,0.86,599.7,5151,272.5,8.67,48.26,10109,490.3,19.64,344.1,8.69,476.6,2784,2535,2286,1272,76.24
1991,9818,23.2,1517,0.12,4972,0.48,484.8,39.52,23.16,10.52,87.69,4.15,4.75,34059,2.54,41.46,11.05,5.06,1646,151.2,1016,15.46,124.5,4674,4.75,24.16,3230,4012,42.2,2394,2960,31.34,1246,3508,160.5,20863,875.4,138,488.7,0.022,32.42,3411,5.42,114.1,2.23,19.11,168.7,12813,7.68,174.4,1.45,425.1,562.8,1941,234.8,154.7,1224,8.24,195.5,30963,15.23,4.98,135.7,138.7,606,34.3,90.26,4690,6.7,1.6,977.3,3504,743.5,48.6,2184,289.9,29.91,0.48,140901,18040,1755,1117,5.34,27.49,101.2,36.7,155.8,107.7,244.9,5995,5.4,2.03,100.6,1494,15.98,37.84,403.4,1421,74.47,16.54,1.24,3785,5144,239.7,28.14,4695,0.91,5.57,701.2,16.92,1883,7.32,0.053,159.8,1.05,3569,6731,6166,192.8,0.67,6436,24.51,9.72,416.9,4483,56655,5.62,5.04,17.53,22561,0.35,57.27,513.1,269.3,1375,3784,95.92,19.46,17.06,1.36,201.4,41.06,293,1053,4464,2.5,2.72,1.86,7.42,0.027,8.47,118.4,2016,12.63,0.94,3428,8.01,13.3,2.84,23.05,5060,1897,12079,25.86,188.8,8588,41.66,10.16,11.43,164,184.1,638.9,473.7,1147,4.46,20.75,178.3,77.82,0.86,574.8,5038,259,8.72,53.04,9979,484.2,18.35,333.1,8.22,458.3,2714,2474,2287,1205,76.65
1992,9643,21.16,1507,0.13,5397,0.49,473.9,39.14,23.5,9.97,108.2,4.58,4.8,31064,2.52,39.2,11.15,4.91,1578,145.3,970.8,19.79,117.4,4233,4.49,22.68,3151,3917,38.89,2382,3077,31.21,1326,3864,150.4,18147,873,132.9,518.5,0.015,31.66,3286,4.93,106.7,2.34,16.06,164.7,12710,8.09,194.7,1.44,408.8,551.9,1783,218.1,157.8,874.7,7.34,211.5,31834,14.29,5.25,129.1,141.7,595.9,32.36,80.45,4558,6.43,1.44,996.6,3563,749.7,46.32,2085,276.8,28.59,0.54,136598,16948,1485,913.4,4.98,27.78,96.71,40.27,147.6,109.1,241.8,5773,4.99,3.47,103.1,1486,15.24,34.5,373.1,1520,69.64,15.52,1.31,3932,5076,240.4,24.78,4588,0.93,6.01,689.3,16.99,1806,7.23,0.052,128.1,1.08,3265,6487,5890,198.5,0.69,5933,24.01,8.69,413.1,4450,56382,5.25,4.55,16.35,23820,0.39,56.22,506.6,275.8,1327,3482,84.73,18.06,17.14,1.37,189,41.05,256.2,1013,4966,2.14,2.23,2.33,6.95,0.027,8.43,113.7,1986,12.8,0.82,3292,7.93,11.17,2.56,22.96,4478,1748,19597,24.34,180.8,8641,40.43,9.53,11.38,157.1,193.4,626.4,462.8,1195,4.25,20.64,173.4,74.61,0.93,562.4,5039,246,8.91,56.11,10035,462.4,18.08,329.4,8.29,469.5,2598,2444,2211,1221,76.52
1993,10228,18.77,1500,0.13,5384,0.48,454.3,31.46,22.76,9.66,99.45,4.44,4.6,29329,2.21,35.38,10.55,4.74,1529,113.7,914.9,13.07,104.2,4059,4.2,19.78,3087,5000,35.37,2605,3195,31.54,1407,4191,141.8,16205,860,124.7,541.2,0.01,31.71,3098,4.75,99.71,2.13,14.82,205.3,12732,7.96,160.6,1.44,390.1,537.2,1636,202.4,158.9,788.3,7.08,224.4,31395,13.51,4.76,118.7,141,587.7,31.58,75.79,4444,5.84,1.27,989.2,3536,761.6,45.71,1959,260.8,27.19,0.49,132562,15490,1266,979,4.42,26.92,89.46,42.96,136.7,111.4,239.1,5534,4.6,3.78,104.2,1452,15.19,30.91,329.2,1658,66.21,13.69,1.08,4004,4979,237.8,21.34,4497,0.85,5.96,736.6,16.06,1753,7.22,0.035,106.4,1.04,2968,6027,5660,202.2,0.69,5613,24.2,8.22,399.5,4463,55643,4.99,4.16,15.16,24725,0.4,53.92,512.8,279,1296,3408,73.88,17.2,16.77,1.36,168.1,39.14,225.1,1078,5368,1.87,2.17,2.01,6.73,0.026,8.63,110.9,1992,13.15,0.83,3310,8.12,9.95,2.47,23.54,4002,1672,19674,23.05,174.8,8533,39.14,8.98,10.72,156.8,191.7,614.2,452.2,1278,4.16,19.83,168.7,69.85,0.85,555.6,5050,239.6,8.88,60.18,10066,458.7,17.05,326.4,7.91,469.2,2448,2414,2077,1162,74.52
1994,11889,17.34,1494,0.13,5242,0.48,456,26.83,22.83,9.07,94.63,4.15,4.41,28012,2.09,32.42,10.31,4.59,1685,104.2,866.1,9.79,83.28,3875,4.03,19.53,3030,2601,31.51,2603,3371,31.07,1516,4075,132.6,14895,845.1,115.4,569,0.007,31.52,2924,4.55,94.47,2.06,11.47,259.3,12676,8.23,158.9,1.3,367.5,497.4,1514,179.4,156.3,805.3,8.55,233.9,30721,12.47,4.57,110.1,138.9,585.4,29.03,67.34,4271,5.42,1.28,935.9,3576,798.9,45.65,1864,246.5,24.13,0.41,128659,15861,959.3,1103,4.17,25.72,82.56,44.97,134,113.9,235.8,5573,4.24,4.15,109.6,1426,15.5,27.92,253.1,1797,64.54,13.02,1.06,4143,4490,231.9,18.14,4338,0.77,5.64,758.8,14.1,1705,7.07,0.035,100.6,1.06,2747,5796,5367,207.1,0.68,5316,24.18,7.42,383,4491,56644,4.76,3.97,14.12,25331,0.42,52.68,512.2,284.9,1253,3361,65.03,14.43,16.14,1.32,162.2,37.13,203.4,1213,18668,1.69,2.29,2.02,6.58,0.026,8.78,107.9,1990,13.23,0.77,3426,8.25,8.21,2.27,23.94,4504,1444,4452,21.59,170.1,8009,37.33,8.25,10.28,159,191.6,572.5,444.4,1144,3.96,19.14,156.3,65.04,0.82,549.2,5146,239,9.23,64.08,9970,448.4,16.86,325.7,7.76,484.3,2245,2377,2033,1157,72.41
1995,12713,15.84,1309,0.12,5115,0.51,440.8,24.53,21.82,7.75,94.51,4,4.08,26299,1.98,28.34,10.34,4.68,1618,90.91,829.7,7.5,66.47,3722,3.76,16.58,3009,3528,28.08,2495,3491,31.45,1659,4091,125.3,13501,814.4,108.8,582.8,0.005,31.38,2761,4.81,91.13,1.88,9.51,587.3,13511,8.27,144.1,1.11,334.5,473.1,1404,158.4,147.2,682.9,6.13,201.8,29894,11.87,4.39,108.8,133.1,569.9,28.7,65.07,4025,5.06,1.25,893.5,3486,771.5,46.46,1676,230.6,21.61,0.55,124866,16066,784.9,1202,4.38,24.91,78.92,45.8,133.8,116,224.1,5558,4.2,4.46,115.7,1344,12.56,25.69,212.8,1467,64.61,11.69,1.2,4277,3718,229.4,14.8,4184,0.7,5.64,782.7,11.81,1630,7.27,0.035,98.84,1.09,2574,6137,5064,203.7,0.66,5122,23.93,8.03,371.9,4546,57926,4.47,3.73,13.13,25855,0.4,51.99,517.4,287.7,1185,3330,53.3,13.23,15.63,1.35,152,33.03,181.9,1134,3375,1.7,2.32,2.02,6.25,0.026,9.17,104.7,2051,13.14,0.64,3474,8.5,6.69,2.1,24.3,4461,1421,12203,20.84,166.7,7670,37.13,6.95,10.05,164,181.7,538.3,448.9,1140,3.68,18.33,141.2,59.32,0.8,542,5378,232.7,8.1,63.35,10146,444.1,16.07,308,7.75,484.1,1951,2270,1913,1153,71.46
1996,12955,14.32,1124,0.12,5076,0.53,426.1,23.46,20.42,7.19,78.71,3.88,3.87,24886,1.86,26.27,10.22,4.8,1611,77.28,811.8,7.23,57.06,3506,3.58,15.96,2973,3358,23.15,2406,3584,31.47,1787,4512,112.5,12218,793.1,103.7,591.3,0.003,31.22,2589,4.84,83.53,1.77,7.61,587.2,14082,7.36,137.3,1.01,302.6,450.5,1312,137.7,139.8,809.2,4.78,198.1,29110,11.33,4.15,98.04,126.4,548.8,23.16,66.83,3770,4.62,1.18,836.1,3468,772,44.87,1548,217.1,17.88,0.32,120872,16065,657,1273,4,22.86,75.56,46.74,126.4,114.9,204.9,5637,4.06,4.66,111,1282,8.84,25.02,191.2,1443,66.53,9.92,1.3,4394,3413,228.2,12.05,4173,0.82,5.48,780.2,10.93,1568,7.3,0.036,98.16,1.1,2426,5872,4719,209.7,0.65,4689,24,7.74,357.6,4638,59125,4.61,3.55,12.39,25975,0.42,50.2,530.7,288.3,1083,3192,47.18,13.22,15.39,1.3,137.4,30.29,167.9,922.2,3233,1.6,2.55,1.94,6.21,0.027,9.21,101.3,2140,12.98,0.61,3368,9.02,6.15,1.9,24.44,4719,1685,12286,20.46,160.6,7587,36.67,5.94,8.9,167.7,158.1,507,440,1107,3.45,17.63,125.3,51.89,0.77,527.8,5399,215.3,7.3,61.07,10152,433.2,15.29,283,7.58,498.5,1708,2106,1815,1273,69.64
1997,13229,13.89,953.4,0.1,5001,0.52,427.7,20.42,20.03,6.02,83.74,3.62,3.69,24174,1.79,23.25,9.7,5.11,1587,68.84,785.7,7.87,54.02,3326,3.43,14.9,3059,2821,19.83,2127,3676,29.49,1930,4608,103.2,11149,803.3,98.36,720.6,0.003,30.05,2576,4.76,86.08,1.63,7.43,575.9,13061,7.06,131.7,0.89,261.7,439.2,1239,115.9,133.8,724.7,3.96,179.3,28121,10.76,4.22,84.17,116.1,536.7,27.94,64.3,3590,4.27,1.11,786.4,3462,834.9,42.79,1453,206.9,16.14,0.31,116553,15734,584.9,1366,4.42,20.5,68.05,46.5,120.2,110.6,187.1,5543,3.8,4.78,98.24,1231,7.61,24.17,187.6,1050,69.49,7.83,1.21,4498,3266,219.1,9.96,4026,0.77,5.19,714.3,10.07,1509,7.18,0.037,95.41,1.09,2281,5396,4415,212.2,0.64,4309,24.77,7.28,341.4,4718,60136,4.04,3.26,11.68,25826,0.4,48.59,549.8,290.6,982.5,3133,40.34,13.37,14.82,1.25,124.9,30.67,155.8,761.1,4142,1.65,3.22,1.84,5.93,0.027,9.42,98.3,2183,12.79,0.54,3388,8.86,6.08,1.7,24.59,4800,1664,11869,18.34,151.7,7321,36.07,5.28,8.27,169.8,153.9,487.8,438.5,1085,3.33,16.6,112.6,44.63,0.68,516.4,5656,182.4,6.56,62.56,10323,422.2,14.8,258.9,7.63,476.6,1517,2062,1724,1354,68.67
1998,14430,11.17,839.9,0.11,5176,0.46,406.2,18.19,18.54,5.41,71.59,3.42,3.63,23052,1.56,23.02,9.46,5.48,1596,60.93,767.1,6.96,56,3011,3.32,13.18,2906,2482,17.76,2040,3860,29.41,2079,4881,95.36,10336,821.7,96.97,661.5,0.002,29.59,2795,3.81,80.84,1.58,6.28,567.4,12865,6.14,129.9,0.8,229.9,428.5,1184,105.9,129.1,752.4,3.85,155.6,27114,10.07,3.82,78.4,105.4,507.8,25.85,59.31,3455,4.11,0.97,741.9,3359,751.6,39.44,1349,199.3,14.94,0.32,112764,15291,518.5,1379,4.15,16.85,64.87,45.61,118.1,104.8,173.6,5443,3.61,4.8,91.19,1191,7.29,23.55,194.1,1110,73.92,7.25,0.95,4526,3255,208.7,8.55,3958,0.67,4.95,666.7,9.25,1450,7.27,0.038,89.83,1.07,2117,5142,4193,225.8,0.75,4042,24.93,6.55,341.5,4866,61586,4.05,3.15,11.04,24950,0.35,47.23,584,291.3,890.1,3088,34.51,12.08,13.74,1.25,111.4,25.89,136.2,688.1,4319,1.65,2.87,1.72,5.74,0.027,9.68,95.67,2258,13.54,0.57,3486,8.21,5.53,1.54,25.12,4864,1631,21623,17.27,142.4,7283,35.41,5.12,7.49,170.6,146.8,472.6,443.9,1056,3.14,15.72,101,37.52,0.66,503.6,5754,154.8,5.96,69.15,10090,428.9,13.56,246.3,7.84,479,1274,2006,1716,1472,69.5
1999,13640,9.75,781.9,0.11,5056,0.45,412.3,15.14,17.68,5.37,63.65,3.11,3.64,21877,1.62,20.52,8.97,5.55,1596,54.1,754,5.58,59.68,2658,3.22,14.52,2866,2404,15.77,1848,4014,29.84,2227,5045,88.2,9712,844.4,91.33,622.9,0.001,28.73,2905,3.38,76.08,1.43,5.84,554.9,13294,6.25,127.3,0.84,197.2,418.2,1121,88.86,123.3,624.4,3.4,137,27317,9.5,3.86,74.6,90.01,491,23.41,54.19,3335,3.94,0.89,699.8,3361,755.7,36.92,1225,189.9,14.21,0.29,108796,15165,486.9,1355,4,13.83,59.47,44.62,110.6,100.3,153.5,5369,3.43,4.84,86.46,1165,7.59,22.84,211.6,1041,78.25,6.49,1.18,4468,2888,205.3,6.53,3955,0.71,4.81,647.7,9.49,1392,7.2,0.039,82.97,1.06,1911,4696,4063,215.2,0.81,3925,26.97,6.7,321.7,5025,62297,3.34,3.2,10.5,24555,0.33,45.92,594.4,288.8,791.3,3021,29.75,11.48,13.1,1.22,100.7,21.92,118,665.4,3683,1.39,2.98,1.59,5.58,0.027,10.04,91.66,2319,11.88,0.59,3447,8.09,5.08,1.42,25.35,5033,1604,5989,17.92,139.1,7362,34.74,5.11,7.3,166.2,126.1,467.7,581.8,1006,3.01,15.33,93.5,31.15,0.63,502.9,5705,133,5.48,77.09,8836,452,13.06,237.5,8.61,513.5,1149,1977,1690,1673,69.39
2000,14217,8.55,741.7,0.11,5003,0.55,415.8,14.45,16.51,5.2,57.48,2.86,3.45,20807,1.81,18.32,9.29,5.68,1609,48.65,737,4.89,63.57,2375,3.1,13.64,2829,2378,13.92,1689,4133,29.63,2402,5304,83.36,9771,827.5,90.29,580.7,0.001,28.31,2960,3.1,68.84,1.4,5.9,534.3,13393,5.88,125.3,0.75,165.9,399.4,1057,76.91,116.4,632.6,3.54,122.4,26752,9.62,4.07,73.64,75.95,484.1,22.95,51.51,3331,3.79,0.86,673.2,3355,677.3,34.22,1174,183.6,13.48,0.28,105471,14586,456.2,1284,4.37,11.39,57.43,42.98,105.5,96.04,142.1,5488,3.31,4.92,80.52,1088,6.83,21.79,233.6,994.8,81.69,5.44,0.98,4428,2554,193.5,5.26,4035,0.57,4.85,638.2,8.73,1346,7.35,0.04,73.47,1.04,1750,4152,3933,220.5,0.8,3645,27.77,6.04,298.8,5191,62998,3.31,3.21,10.09,23725,0.33,45.35,616.2,283.5,731.3,2956,26.35,11.18,12.97,1.28,92.7,18.97,103.2,646.7,3062,1.15,2.47,1.47,5.41,0.045,10.31,89.11,2276,11.14,0.66,3194,8.79,4.5,1.3,25.96,5129,1777,4982,18.75,137.6,7332,34.24,4.92,6.78,159.3,105.8,459.4,229.2,966.5,3.01,14.82,90.09,27.13,0.6,449,5501,122.8,4.73,82.41,8074,478.3,12.23,228.3,8.03,500.7,1147,1931,1549,1738,71.49
2001,13196,7.54,689.4,0.1,4924,0.49,429.4,13.66,14.29,4.63,53.08,2.65,3.15,19748,1.81,15.83,8.77,5.57,1653,41.63,702.8,4.49,65.91,2247,2.98,11.65,2831,2281,12.48,1556,4186,31.83,2473,5433,78.82,8689,809.1,84.54,593.4,0.001,27.48,3228,3.05,64.01,1.29,5.63,521.6,13797,5.72,113.3,0.72,148.8,377.1,1015,69.8,117.6,547.1,3.15,104.5,26773,9.46,3.89,72.32,69.43,480.8,23.01,46.38,3304,3.51,0.84,662.9,3337,644.2,31.16,1132,175.2,12.61,0.26,102386,14066,432.6,1231,4.21,9.75,54.08,42.51,97.51,93.41,131.4,5507,3.12,5,80.6,1017,6.42,20.44,267,924.3,84.23,4.94,1.01,4277,2288,180.5,4.43,3895,0.49,4.46,627.2,8.14,1318,6.92,0.042,65.15,0.97,1617,3596,3815,212.9,0.85,3292,25.83,5.76,267,5330,64462,2.57,3.08,9.83,22754,0.33,43.88,636.8,278.3,679.2,3123,22.43,10.37,11.68,1.39,75.89,16.89,89.83,634.1,2684,1.04,2.04,1.38,5.31,0.049,10.44,81.81,2221,10.64,0.61,3134,7.45,4.12,1.11,26.28,5230,1945,4876,19.24,138.4,7138,33.28,4.78,6.08,149.7,109,437.6,235.2,956.2,2.98,14.15,87.5,23.88,0.58,424.3,5221,113.9,3.99,84.63,7177,497.6,12.34,221.1,8.13,593.9,1104,1880,1413,2040,74.25
2002,12817,6.73,618.8,0.097,4871,0.47,420.7,13.24,13.81,4.77,47.81,2.5,3.24,18440,1.62,13.51,8.19,5.01,1701,36.3,665.9,4.3,67.41,2177,2.92,10.18,2865,2235,11.1,1411,4223,32.86,2481,5517,73.5,8153,785.9,83.05,580.7,0.0007,25.19,3455,2.95,63.55,1.21,5.31,504.9,14405,5.56,106,0.62,147.3,354.1,981.7,58.25,116.8,564.6,2.88,113.2,26190,10.04,3.91,71.24,67.11,474.6,23.1,44.66,3171,3.46,0.79,624.9,3223,611.5,29.81,1080,169.3,12.66,0.29,96157,13288,416.1,1156,4.05,8.88,51.95,41.48,90.77,92.49,124.3,5687,2.97,5.04,83.36,962.9,5.92,18.96,283.6,909.8,86.09,4.06,0.91,4181,2110,166.7,4.16,3777,0.53,4.31,611.3,8.21,1305,7.32,0.038,58.16,0.89,1501,3021,3667,175.5,0.9,3003,25.86,5.68,230.3,5419,65313,2.82,2.82,9.74,21647,0.33,42.6,662.8,271.5,651.9,2994,18.94,9.92,10.32,1.38,65.88,15.22,82.87,653.8,2377,0.89,1.74,1.28,5,0.045,10.67,74.78,2148,10.29,0.66,3285,7.18,3.68,0.99,26.71,5392,2263,4819,19.14,135.3,6955,30.49,5.15,6.31,138.2,90.98,409.7,241.7,914.5,3.01,13.39,84.88,21.4,0.55,392,5037,111.7,3.43,89.35,6745,509.4,11.96,215.5,7.97,517.1,1057,1802,1292,1845,71.9
2003,12852,6.53,637.5,0.083,4494,0.43,431,13.6,13.65,4.77,50.13,3.08,3.47,17040,1.67,11.86,7.84,4.92,1747,31.73,652.3,4.16,69.31,2158,2.81,9.57,2884,2210,10.06,1282,4280,34.37,2545,5554,69.37,7633,743.4,78.52,554.6,0.0006,24.16,3692,3.05,60.25,1.23,5.19,280.9,14777,5.35,103.9,0.59,152.1,329.1,950.7,52.41,116.3,526,2.35,135.3,25504,9.91,3.84,70.83,60.81,469.3,20.66,42.43,3033,3.42,0.79,608.5,3189,582.3,28.35,1017,167.9,12.04,0.23,90124,13076,405.5,1158,3.64,7.48,43.41,40.2,86.16,91.72,122.8,5693,2.84,5.12,86.32,915.9,6.42,17.45,295.5,994,87.71,4.23,0.76,4077,1849,161.9,3.84,3715,0.54,4.3,607,7.98,1271,6.34,0.018,53.58,0.87,1431,2752,3479,161.4,0.9,2760,24.21,6.01,208,5427,65392,2.27,3.05,9.74,20540,0.3,42.19,677.2,263.9,641.6,3022,17.03,9.48,9.99,1.37,62.04,14.55,77.99,666.2,1959,0.86,1.53,1.17,4.85,0.039,10.86,69.06,2157,9.93,0.7,3225,6.25,3.63,1.01,26.9,5518,2541,3871,19.01,134.7,7125,27.74,5.42,5.82,127.2,75.08,380.9,251,898.2,2.98,12.96,84.69,19.65,0.48,370.9,4883,114.6,3.08,95.12,6085,530.7,11.31,210.3,8.31,576,1030,1733,1206,2037,70.07
2004,12777,5.86,601.9,0.089,4311,0.42,415,13.52,13.07,4.37,60.59,3.74,3.64,15664,1.54,10.01,7.74,4.65,1789,28.65,638.6,4.01,74.65,2224,2.67,9.54,2865,2273,9.17,1196,4342,34.87,2526,5832,65.56,7350,708.9,76.77,529.2,0.0004,23.65,3779,2.82,55.85,1.25,5.02,274.2,15139,5.2,94.9,0.57,163.8,312.8,916.4,45.86,115.7,565.5,2.16,157.5,24821,9.69,4.23,70.17,66.33,462.7,21.38,41.08,3019,3.31,0.9,601.5,3168,539.3,27.25,1128,165.3,11.72,0.25,84577,13429,389.9,1152,3.8,6.5,46.47,38.71,82.63,88.69,122.1,5783,2.93,5.21,87.93,856.3,5.81,16.2,282.4,837,89.57,3.7,0.9,4024,1669,153.8,3.58,3704,0.44,4.61,611.8,8.1,1239,6.17,0.018,50.45,0.78,1385,2480,3280,158.6,0.92,2545,21.47,6.11,189.6,5426,65931,2.01,3.22,9.44,18932,0.3,42.1,685.9,258.1,665.2,2901,15.89,8.78,10.23,1.35,55.65,14.58,72.35,619.8,1668,0.8,1.43,1.08,4.78,0.038,10.97,64.87,2108,9.48,0.77,3106,5.82,3.59,1.05,26.66,5664,2808,3785,20.55,140.2,6540,24.79,5.29,5.92,119.8,73.97,393.9,238.2,912.3,2.9,12.12,83.48,18.69,0.47,360.3,4854,117.9,2.76,94.49,5782,530.8,10.6,211.5,8.45,552.5,1044,1670,1293,2026,69.27
2005,12156,5.2,608.5,0.1,4129,0.4,412.5,13.12,12.79,4.61,62.57,3.84,3.7,14235,1.52,8.33,7.85,4.49,1780,26.06,619.8,3.73,84.77,2268,2.55,9.13,2866,2399,8.28,1132,4435,38.3,2488,6220,63.94,6968,673.2,76.13,527,0.0004,22.94,4144,2.9,51.37,1.25,5.19,264.9,15742,4.81,80.91,0.56,173,301.9,893.5,43.36,118,548.3,2.12,185.6,24872,9.42,4.48,71.32,83.81,467.9,27.04,39.27,3008,3.24,0.75,615.7,3149,536,27.43,938.1,162.7,12.41,0.22,77603,13008,388.7,1135,3.84,6.22,44.13,39.78,77.27,86.41,117.5,6019,2.96,5.09,89.92,774.5,5.88,15.07,306.5,829.4,92.69,3.96,0.88,3979,1602,145.3,3.05,3743,0.43,4.51,605.1,7.97,1197,5.96,0.018,47.19,0.69,1301,2345,3099,198.2,0.94,2341,19.36,6.06,170.1,5402,66656,1.73,3.18,9.27,18149,0.29,41.58,699.8,250.7,639.5,2814,14.99,9.03,10.28,1.36,49.13,13.8,68.59,560.6,1712,0.78,1.41,1.05,4.83,0.034,11.41,63.35,2083,8.92,0.79,2988,5.63,3.6,1.09,26.47,5735,3135,3612,20.92,122.7,6259,22.77,5.13,6.06,115.2,72.18,356.6,222.6,950.5,2.92,11.66,82.82,18.2,0.52,348.2,5343,116.5,2.51,89.67,5682,541.7,10.08,212.2,8.36,554.5,975.6,1584,1355,2028,65.58
2006,11987,4.52,624.8,0.089,4036,0.39,432.1,12.8,13.34,4.35,54.89,4.14,3.61,13025,1.51,6.94,7.82,4.07,1831,23.45,615.2,3.43,107.7,2249,2.48,8.64,2955,2456,8.01,1078,4439,39.75,2469,6570,61.83,6682,652.8,74.67,560.5,0.0006,21.37,4636,2.67,46.76,1.25,4.98,274.3,16494,4.66,74.94,0.58,176.9,291.3,871.6,41.71,117.5,542.4,1.89,178.7,24165,9.25,4.09,74.41,91.38,466.8,23.18,38.44,3001,3.45,0.72,568.9,3139,473.7,27.45,978.6,159,12.4,0.21,71395,12943,389,1201,3.85,6.12,41.74,42.84,74.66,82.97,114.7,6387,3.04,5,96.58,730.3,6.37,14.94,387.6,922,94.93,4.1,0.88,3957,1651,139.8,3.1,3780,0.48,4.42,608.5,7.72,1166,5.84,0.018,46.42,0.67,1227,2343,2961,241.4,0.89,2107,16.82,5.98,155.7,5360,68693,1.74,3.09,9.08,16950,0.28,41.38,708.9,239.2,611,3156,14.24,8.34,9.21,1.14,46.1,13.14,61.2,477.9,1830,0.74,1.36,1,4.73,0.034,11.38,63.47,1997,8.37,0.78,2745,5.5,3.12,1.19,26.57,5883,3280,3462,21.1,123.5,6086,21.23,5.56,5.79,109.8,71.27,337.5,205.3,1024,2.79,11.37,81.76,17.55,0.51,337.2,5317,123.8,2.07,88.62,6040,563.5,9.6,214.6,8.33,576.5,948.6,1536,1389,2134,64.63
2007,11720,3.93,652.9,0.096,3822,0.41,443.9,12.82,14.67,4.29,54.13,4.46,3.45,12126,1.46,5.64,8.29,3.73,1837,21.02,583.2,3.26,109,2221,2.42,8.03,2966,2496,7.46,1052,4465,41.86,2394,6887,60.79,6465,640.4,74.04,548.8,0.0005,22.05,4888,2.63,47.38,1.2,5.01,274.4,17317,4.77,70.97,0.55,185.8,278.1,856.9,41.02,117.9,519.3,2.01,226.9,23439,9.15,4.29,73.31,87.68,471,27.8,37.32,2963,3.63,0.74,542.3,3115,459.6,26.09,1024,158.8,13.16,0.21,65609,12757,388.4,1148,3.97,5.5,41.24,41.59,70.88,97.13,111.3,6918,3.12,4.92,97.11,684.6,6.61,13.8,513.4,976.9,97.07,4.13,0.73,4002,1957,137.5,3.27,3936,0.4,4.24,623.6,7.69,1139,5.58,0.038,46.41,0.69,1157,2607,2848,295.8,0.92,2014,14.97,6.61,146.8,5275,69912,1.68,2.91,9.36,16293,0.26,41.12,724.5,226.4,576.5,3032,13.56,8.69,8.63,1.18,46.62,12.84,56.7,468.4,1831,0.71,1.36,1,4.7,0.023,11.48,63.92,2006,8.19,0.84,2673,5.35,3.5,1.27,27.64,5950,3172,3310,21.09,119.8,5666,19.84,5.54,5.48,116.3,64.91,328.8,191.2,1054,2.73,11.15,81.13,16.36,0.5,324.5,4550,128.5,1.96,86.7,7536,571.1,9.12,219.8,8.44,544.8,965,1471,1757,2369,62.56
2008,10761,3.56,688.6,0.1,3655,0.44,442.7,12.77,14.87,4.27,48.86,4.56,3.41,10976,1.44,4.59,8,3.44,2099,18.48,558.3,3.11,110,2148,2.45,7.6,2872,2518,6.78,988.6,4469,44.89,2388,7186,58.98,6726,622.1,71.72,616.8,0.0005,22.35,4895,2.67,53.75,1.28,5.16,273.9,17559,4.72,67.05,0.53,198.3,273,835.5,40.13,116.7,509.4,1.7,271.6,22543,8.89,4.32,76.74,82.68,464.7,31.28,37.38,3022,3.82,0.76,533.1,3065,469.6,25.42,1062,158.3,12.98,0.21,60545,12359,381.3,1063,4.75,5.48,42.17,41.48,69.89,99.88,106.3,7182,3.22,4.92,97.48,641.9,6.08,13.56,702.7,1005,99.18,3.99,0.72,4008,2555,141,3.72,4038,0.41,4.04,629.3,7.66,1164,5.4,0.041,48.56,0.69,1093,3029,2765,332.8,0.97,1932,14.39,6.29,140.7,5153,72948,1.4,2.82,9.5,16153,0.26,41.35,712.8,214,544.7,3083,13.23,9.16,7.84,1.4,41.21,12.52,59.83,462,1675,0.69,1.35,1.06,4.9,0.028,11.6,61.25,2084,8.28,0.86,2615,5.04,3.15,1.48,26.4,5888,3378,3148,22.38,114.2,5505,18.42,5.59,5.54,131.4,64.52,312,177,1106,2.69,10.86,81.09,14.9,0.49,312.1,4339,134.4,1.98,88.69,8602,579.3,8.88,224.8,8.61,610,976.4,1421,2185,2478,64.07
2009,10717,3.44,709.3,0.097,3525,0.45,462.6,12.67,16,4.48,46.01,4.84,3.36,10083,1.46,3.8,7.89,3.17,2273,16.52,534.1,2.97,120.2,2067,2.49,7.5,2866,2547,6.14,919,4470,45.84,2514,7527,58.4,6251,600.7,70.51,674,0.0005,21.55,5266,2.62,58.63,1.27,5,260.9,17791,4.39,64.41,0.49,207.4,271.1,814,41.45,116.8,508.4,1.55,301.4,21444,8.56,4.71,77.58,86.25,462.1,34.87,36.36,2990,3.89,0.75,523,3103,445.3,24.27,1079,156.5,12.8,0.24,55814,12169,372.1,1092,4.61,5.59,44.07,41.02,66.35,99.7,92.4,7484,3.28,4.94,98.94,578.8,5.4,13.5,806.6,1031,103,3.49,0.86,4085,3075,142.2,3.87,4102,0.44,3.81,640.1,7.82,1166,5.19,0.04,49.36,0.7,1041,3005,2571,348.1,1.03,1886,13.35,6.27,138.5,5141,74933,1.43,2.74,10.24,16073,0.24,41.74,694.4,197.6,527.7,3110,11.91,9.4,7.39,1.4,37.71,12.14,59.45,423.6,1528,0.67,1.27,1.07,5.4,0.024,11.57,57.88,2030,8.57,0.87,2543,4.67,3.39,1.44,26.55,5763,2841,3121,21.01,103,5035,16.85,5.66,5.45,124,67.1,307.4,163,1175,2.76,10.68,81.59,13.46,0.49,299.6,4399,125.1,2.51,84.28,8574,596.9,8.36,220.4,8.69,634.9,971.4,1411,2304,2660,63.86
2010,10544,3.39,727.7,0.11,3344,0.39,413.9,12.28,16.27,4.78,47.82,4.25,3.45,9143,1.47,3.19,7.9,2.88,2364,14.13,510.8,2.72,131.7,1959,2.57,6.88,2822,2705,6.32,850,4402,43.01,2485,7746,53.06,6029,579,68.82,664.1,0.0004,20.24,5446,2.41,56.65,1.29,4.55,256.2,18090,4.18,59.39,0.48,199.5,263,796.7,41.01,117.2,490.8,1.24,258.1,20480,8.08,4.63,75.92,81.95,473.1,24.71,36.47,3022,4.03,0.78,512.3,3088,418.9,23.3,1077,157.7,11.64,0.23,50662,12130,364.3,1151,4.17,5.39,43.6,40.28,63.67,99,82.26,7519,3.46,4.88,106.4,524.7,4.5,13.87,763.3,1098,108,3.27,0.97,4072,3119,140.2,3.7,4171,0.35,3.41,659.2,7.85,1149,5,0.04,45.82,0.6,994.9,2669,2460,347.5,1.08,1857,11.93,6.29,134.7,5074,76804,1.38,2.51,10.94,16039,0.24,42.31,677.1,175.9,497,3005,11.02,10.08,7.41,1.46,38.11,10.82,51.81,416.5,1425,0.64,1.32,1.08,5.44,0.026,11.51,53.37,2050,8.83,0.79,2478,4.28,3.12,1.48,26.1,6261,2624,3017,19.38,93.03,4978,15.31,5.44,5.89,125.2,64.63,303.4,149.8,1268,2.56,10.63,84.53,12.52,0.5,285.7,4228,108.2,2.72,82.95,8431,580.3,8.14,216.7,8.98,639.9,948.8,1372,1917,2866,58.33
2011,10079,3.41,737.5,0.089,3213,0.38,367.6,12.15,17.56,4.83,48.3,3.94,3.39,8378,1.42,2.69,7.45,2.83,2457,12.38,488.5,2.35,156.4,1829,2.69,5.95,2761,2668,5.74,777,4290,42.94,2341,7819,48.56,5794,554.6,67.05,669.3,0.0004,20.66,5345,2.16,57.98,1.29,4.13,254.3,18362,3.68,55.85,0.47,197.2,255.8,768.2,42.33,118.2,473,1.31,260,19526,7.71,4.31,73.58,87.38,488.4,21.47,34.85,3040,3.87,0.79,488.5,3037,414.7,22.44,1110,148.7,12.04,0.17,46265,11850,362.7,1198,4.63,5.43,44.12,36.85,60.01,97.21,72.18,7406,3.42,4.79,107.8,460,4.29,14.1,735.9,1132,127.4,3.21,0.74,4011,2945,144.6,3.68,4235,0.45,3.18,673.2,8.14,1095,4.81,0.037,44.95,0.56,921.5,2375,2344,332.6,0.97,1778,11.94,6.17,129,4905,79359,1.15,2.24,10.51,15729,0.21,42.45,644.9,157.2,481.6,2945,9.33,9.2,7.08,1.48,36.52,9.66,40.78,355.8,1281,0.62,1.2,1.03,5.57,0.025,11.24,52.29,2009,8.81,0.85,2379,4.47,3.11,1.4,26.81,5833,2364,3153,18.85,91.13,4810,14.28,5.46,5.94,133,63.33,304.9,137.4,1287,2.49,10.32,90.02,11.87,0.41,288.3,4148,103.1,2.88,78.82,8325,604.9,7.78,211.2,9.01,613.5,950,1340,1709,2925,54.3
2012,10072,3.67,783.2,0.086,3050,0.36,363.1,12.01,17.91,4.69,53.72,3.74,3.24,7841,1.33,2.43,6.74,2.96,2551,10.85,470.8,2.22,168.5,1756,2.78,5.15,2730,2592,4.99,722.8,4020,43.92,2274,7923,44.37,6102,533.3,64.05,670.9,0.0004,19.8,5408,2.07,53.99,1.35,3.95,253.9,18612,3.33,53.64,0.49,191.9,236.3,758.6,42.96,116.4,450.6,1.1,206.2,18058,8.22,4.57,71.71,103.6,498,19.89,33.68,3049,4.02,0.78,471.4,2971,436.7,22.15,1035,141.9,11.9,0.17,42310,11361,362.1,1172,4.13,5.43,43.54,35.52,57.11,96.17,64.76,7340,3.38,4.97,105,410.9,4.11,14.16,610.9,1192,103.3,3.08,0.78,4006,2707,145,3.62,4309,0.39,2.95,695.7,8.06,1062,4.73,0.019,44.81,0.55,846.9,1954,2278,302.3,0.94,1698,10.75,5.64,122.8,4764,81441,1.27,1.83,11.4,15312,0.21,41.69,618.4,132.6,447.1,2790,8.58,8.96,6.56,1.47,35.84,9.23,38.71,341.5,1177,0.6,1.19,1.08,6.08,0.022,10.91,51.16,2022,8.97,0.86,2264,4.82,2.82,1.36,27.34,5366,2305,3179,17.59,88.25,4600,13.96,5.6,5.53,141.2,58.83,297.4,126.6,1300,2.42,9.85,93.52,11.53,0.42,277,4054,104.2,3.13,72.96,8086,618.3,7.81,210.6,9.02,665.3,967.7,1373,1521,2914,50.04
2013,9917,3.8,790.2,0.064,3006,0.35,351.8,11.75,18.1,4.8,45.78,3.91,3.33,7411,1.32,2.14,6.88,3.12,2574,9.8,457.4,2.14,128.7,1791,2.76,4.77,2666,2545,4.7,677.6,3820,42.64,2263,7897,40.83,5450,517.6,61.2,572.8,0.0004,18.52,5268,1.81,53.29,1.33,3.62,252.7,18762,2.98,53.02,0.46,196.4,211.7,748.3,45.62,114.4,432.2,0.88,164.6,16362,7.86,4.49,69.38,143.3,485.9,19.36,33.16,2986,3.73,0.78,457.3,2931,444.7,21.69,1013,136.4,11.84,0.18,38512,10477,359.1,1154,3.48,5.13,41.42,36.54,54.93,87.53,59.11,7077,3.18,4.78,97.48,364.9,5.04,13.94,527.2,1174,106,3.01,0.93,4023,2500,146.7,3.57,4169,0.3,2.69,713.1,8.18,1041,4.71,0.019,45.29,0.56,773.9,1769,2224,282,0.92,1601,9.73,4.85,119.1,4652,83909,1.11,1.68,12.23,14781,0.21,40.5,592.7,112.4,421,2751,7.75,8.51,5.75,1.49,31.01,8.82,33.8,315.3,1138,0.55,1.15,1.26,6.08,0.026,10.23,47.95,1942,8.82,0.78,2070,4.22,2.86,1.21,28.46,5252,2152,3299,15.9,85.17,4448,13.88,5.61,5.49,145.4,55.42,275.6,117.2,1290,2.31,9.55,94.16,11.32,0.42,262.7,4409,100.5,3.29,68.39,8984,631.4,7.78,220.4,9.33,714.8,966.6,1403,1281,2722,45.01
2014,9810,3.69,822.2,0.064,3021,0.35,336.9,11.24,17.95,5.29,42.92,4.01,3.38,6948,1.28,1.94,6.45,3.35,2626,8.83,445.3,2.02,123.1,1875,2.75,4.95,2564,2471,4.44,646,3643,44.45,2135,7997,37.9,5277,502.5,58.55,538.9,0.0004,18.81,5101,1.72,51.72,1.45,3.52,249.1,19032,3.06,51.1,0.51,204.9,196.6,712.8,47.75,112.2,418.4,0.93,121.6,15014,7.35,3.92,68.8,169.6,447.9,19.42,32.17,2803,3.93,0.74,459,2898,416.3,20.56,995.7,132,12.4,0.18,34298,9806,355.4,1090,3.19,5.51,38.53,37.98,52.4,91.45,56.19,6855,3.09,4.94,95.96,323.8,4.88,16.89,433.9,1288,112.3,2.78,0.78,4039,2228,152.1,3.13,4108,0.34,2.55,709.6,8.16,992.5,4.58,0.021,44,0.54,715.5,1890,2139,264.6,0.89,1516,9.66,4.23,114.4,4510,85684,1.05,1.41,12.55,14123,0.18,38.43,570.9,96.73,403.6,2564,7.49,8.84,5.52,1.51,28.18,10,35.8,306.2,1103,0.54,1.06,1.1,6.43,0.021,9.33,47.67,1872,9.01,0.75,2010,4.25,2.74,1.19,29.49,5167,1964,5216,15.6,81.08,4255,13.66,5.58,5.36,120.1,55.88,262.1,108.6,1281,2.24,9.4,92.61,10.81,0.42,270.8,4500,91.54,3.21,70.02,8760,658.8,7.8,228.7,9.51,764.2,1010,1449,1052,2353,42.66
2015,9871,3.29,821,0.065,2938,0.33,296.6,10.47,18.03,5.49,39.13,4.02,3.47,6570,1.22,1.73,6.14,3.65,2687,7.93,432.8,2,81.97,1864,2.71,4.78,2465,2452,4.15,627.2,3583,43.5,1967,8012,34.28,4581,487.2,56.36,505.8,0.0004,18.1,4944,1.46,51.16,1.54,3.47,246.7,19109,2.89,50.52,0.58,219.2,191.8,681.8,49.34,111.6,391.7,0.88,91.54,13872,7.15,3.95,66.72,151.7,418.8,17.98,33.21,2771,4.39,0.73,469.1,2852,396.9,20.02,974,127,12.41,0.16,32318,9246,346.2,1018,3.1,4.98,37.69,37.42,50.09,93.03,51.98,6599,3.05,4.64,88.92,305,4.9,18.82,364.7,1255,109,3.13,0.78,4069,2134,152.2,2.92,4050,0.3,2.26,702.9,7.96,952.3,4.66,0.021,40.85,0.54,672.1,1958,2106,223.2,0.95,1452,8.84,4.82,111.4,4393,86725,0.93,1.31,12.82,13495,0.18,37.77,547.5,88.89,390.7,2500,7.17,9.34,4.8,1.47,27.32,10.21,36.1,286.2,1089,0.49,0.99,1.01,6.48,0.019,8.45,46.53,1796,9.04,0.79,1781,3.97,2.54,1.07,29.78,5107,1792,5646,14.69,76.43,4255,13.04,5.16,5.4,100.5,55.99,252,99.45,1250,2.16,9.38,89.15,10.33,0.43,269.3,4380,77.55,3.11,71.31,8478,677.8,7.7,229.9,9.54,775.1,989.5,1508,945.6,2090,38.2
2016,9438,2.92,817.8,0.06,2833,0.29,291.2,9.98,18.36,5.65,38.81,3.59,3.47,6214,1.19,1.52,5.85,4.01,2725,7.01,421.8,1.92,42.4,1830,2.66,4.5,2356,2256,3.93,604.5,3485,46.04,1969,7799,30.52,4542,465.9,53.67,467.8,0.0004,18.66,4784,1.36,46.94,1.65,3.62,246.6,18951,3.15,48.93,0.43,225.8,188.2,612.8,47.72,110.2,371,1,67.59,12947,7.09,3.91,65.22,139.8,386.7,16.76,34.96,2623,4.58,0.66,465,2737,386.7,19.46,954,122.4,12.56,0.13,30439,8724,335.5,998.9,2.78,5.45,35.99,37.14,47.65,95.95,49.96,6411,2.98,4.56,79.7,279.8,5.15,17.97,319,1113,104.4,2.88,0.8,4122,1874,148.5,2.82,3975,0.42,2.16,696.9,8.24,933.3,4.4,0.022,37.13,0.47,634.6,1861,2057,184.6,0.93,1310,9.15,4.49,105.6,4273,85280,0.94,1.2,13.07,12730,0.18,36.58,533.8,83.79,372.8,2275,7.31,10.51,4.43,1.4,24.15,9.93,35.83,259.4,1060,0.48,0.98,0.84,6.42,0.017,7.71,47.49,1755,8.8,0.83,1559,3.82,2.86,1.01,29.44,5038,1638,6185,13.81,74.07,4211,12.09,5.27,5.78,85.1,54.86,244.6,92.09,1244,2.07,9.31,85.04,9.77,0.44,270.1,4046,72.37,3.03,73.06,8012,703.2,7.49,224.9,9.49,911.3,912.1,1548,979.2,1964,34.3
2017,8971,2.6,806.5,0.064,2704,0.33,274.3,9.03,17.34,5.5,36.35,3.52,3.45,5805,1.19,1.27,5.62,4.44,2695,6.06,415.2,1.93,27.34,1764,2.61,4.3,2239,2141,3.7,588.1,3369,46.35,2293,7614,26.42,4325,464.3,51.88,468.5,0.0004,18.32,4549,1.27,44.67,1.68,3.36,243.8,19428,2.84,48.15,0.35,221.5,182.2,577.8,46.68,109.4,352.9,0.73,47.22,11918,6.29,3.93,61.26,122.2,367.2,15.19,33,2490,4.64,0.6,446,2660,370.2,18.61,934.8,119.4,12.77,0.12,27650,8118,314.2,905.8,2.62,5.25,35.29,37.43,44.63,90.87,46.58,6227,3.05,4.59,73.02,260.1,4.86,17.1,285.3,1138,95.64,2.84,0.93,4217,1725,145.4,2.7,3900,0.31,2.03,701.8,8.95,933.4,4.33,0.021,34.03,0.56,590.7,1745,1990,158.4,0.95,1191,8.6,4.42,99.02,4181,83899,0.81,1.04,13.12,12209,0.18,36.45,519.7,82.07,360.3,1910,7.65,11.54,4.16,1.38,19.95,8.87,35.57,207.7,1063,0.47,0.92,0.87,6.54,0.015,6.97,48.48,1651,8.48,0.85,1443,3.73,2.78,0.96,28.91,4929,1544,5591,13.09,72.98,4138,11.48,5.19,5.33,85.43,45.57,235.4,85.02,1212,1.98,9.25,80.14,9.39,0.45,254.3,3754,63.91,2.93,69.25,7228,691.5,7.06,221.9,9.6,1068,873.3,1693,886.3,1835,30.94
2018,8699,2.33,771.5,0.058,2612,0.3,263.5,8.61,16.81,5.92,33.07,3.63,3.33,5511,1.19,1.14,5.49,4.82,2679,5.43,408.7,2.03,59.05,1801,2.56,4.16,2105,2046,3.39,575.1,3244,47.08,1885,7319,25.19,3372,468.6,49.96,465.7,0.0004,19.16,4327,1.17,44.74,1.75,3.41,240.2,19624,2.86,47.6,0.34,228.4,182,499.5,44.44,106.8,338.7,0.76,40.94,11157,6.21,3.76,61.6,118.8,349.4,13.25,33.14,2397,4.37,0.67,438.7,2586,363.9,17.67,951.8,118.2,12.56,0.17,26345,7781,278.9,841.8,2.87,4.84,32.51,38.95,43.13,85.93,46.59,6240,2.98,4.16,82.5,243.6,4.5,15.92,293.4,1152,90.28,2.55,0.59,4309,1646,141,2.5,3780,0.38,1.82,694.5,8.8,933.9,4.14,0.022,33.41,0.49,553.4,1517,1896,148.3,0.95,1085,8.16,4.29,90.7,4115,81801,0.76,0.92,12.5,11882,0.17,33.52,518.4,80.97,357.3,1965,7.17,12.04,2.83,1.32,17.2,8.46,31.85,194,1048,0.48,0.88,0.81,6.52,0.015,6.28,47.98,1535,8.03,0.88,1238,3.68,2.68,0.81,28.21,5130,1484,2686,11.84,69.53,4165,10.97,5.17,5.44,78.52,44.78,225.7,78.3,1201,1.89,9.33,76.63,9.02,0.41,237.7,3632,59.4,2.68,68.62,6840,669.7,6.34,226.8,9.64,1057,790.2,1648,746.9,1816,28.62
2019,8450,2.21,740.7,0.057,2581,0.34,227.6,8.33,16.16,5.6,32.24,3.63,3.3,5219,1.17,1.05,5.07,4.57,2624,4.97,406.5,1.83,60.12,1817,2.48,3.91,1973,2015,2.99,563.9,3101,45.67,3599,7082,23.3,3081,469.7,48.48,443.3,0.0004,16.29,4154,1.19,43.02,1.86,3.5,232,19494,2.59,46.28,0.32,250,180.6,458.1,41.54,105.1,330.9,0.85,29.4,10437,5.96,3.83,59.51,122.6,331,11.48,30.89,2265,4.36,0.7,419.2,2569,374.4,18.96,925.7,117.5,11.96,0.18,24379,7427,240.2,833.7,2.53,4.82,30.43,41.27,40.08,82.44,44.98,5996,3.07,3.97,81.09,228.8,4.17,14.95,272.8,1128,86.5,2.45,0.78,4381,1625,135.5,2.42,3605,0.36,1.75,685.3,8.74,919.9,3.88,0.021,34.12,0.46,523.7,1302,1824,131.6,0.91,997.7,8.25,4.43,93.76,4037,79270,0.67,0.86,12.08,11603,0.18,30.31,506.2,80.35,329.2,1844,6.88,12.49,2.54,1.27,14.54,8.1,27.63,175.8,1024,0.45,0.9,0.8,6.48,0.016,5.91,43.24,1423,7.88,0.86,1176,3.53,2.75,0.74,27.94,4745,1402,2284,10.76,67.9,4164,10.52,5.06,5.07,98.25,44.8,219.2,73.69,1159,1.83,9.58,74.46,8.65,0.41,217.2,3500,55.55,2.58,64.9,6366,660.9,5.9,238,9.43,953.7,787,1656,665.9,1842,26.06
2020,9061,2.13,956,0.26,2550,0.39,211.6,15.12,15.17,4.63,30.16,3.71,1.32,5123,1.23,1.41,4.8,6.35,2668,5.12,566.2,2.04,59.08,2302,2.46,5.14,2349,1995,3.79,614.6,2931,60.32,2898,6611,24.06,2348,669,47.74,451.4,0.0003,19.5,4353,1.74,41.34,12.62,3.58,231.9,19823,2.49,45.69,0.36,253.5,263.1,751.1,48.81,105.3,317.1,0.78,30.97,9661,5.77,3.97,61.87,133,317.3,14.73,32.81,2211,6.1,0.72,392.1,2509,381.2,18.63,908.6,131.9,17.21,0.53,23610,8451,422,712.4,3.16,5.46,31.17,42.92,36.03,96.42,78.76,6110,3.07,17.23,88.23,219.4,3.72,26.03,302.9,1092,93.51,2.04,0.38,4315,1630,130.2,2.89,3599,0.44,1.78,678.7,7.74,1291,3.78,0.088,34.43,1.05,531.1,1315,1834,108.4,1.03,891,6.53,4.36,116.5,3920,76855,1.43,1.15,27.39,11969,0.24,53.25,497,95.37,409.3,1687,10.61,11.37,1.97,1.78,31.25,10.57,30.53,273.9,989,0.47,0.9,0.76,6.61,0.097,5.76,57.22,1267,9.81,0.91,1076,5.99,2.31,2.2,27.32,4858,1398,2296,14.73,75.69,4406,10.24,5.86,4.5,100.2,70.34,228.3,79.68,1119,1.85,6.03,75.03,8.81,0.53,230.8,3428,60.66,6.39,93.05,3551,817.9,6.92,247,9.58,913.1,767,1751,646.8,1828,28.58
2021,9598,4.13,755.1,0.095,2812,0.36,404.9,20.42,13.16,5.09,74.28,7.61,1.87,6636,1.23,1.46,8.63,10.24,2722,4.99,702.9,3.3,101,3421,2.78,5.47,2524,2031,3.62,702.1,3203,50.22,2606,6703,25.39,2190,1047,51.84,557.2,0.0003,23.45,4500,4.41,168.3,14.46,4.91,249.6,21080,4.86,52.87,0.83,315.1,262.2,978.5,59.08,108.9,326.8,1.11,66.05,10023,11.54,4.19,61.72,171.6,337.3,29.22,35.46,2320,7.47,0.74,471.9,2558,393.5,32.31,1003,204.6,27.81,0.26,36102,10289,615,872.8,3.45,5.9,29.96,63.18,33.3,185.1,104.2,6184,4.21,32.89,107.6,229.2,7.28,50.8,324.8,1107,127.5,2.14,0.4,4561,1837,221.4,3.63,3778,0.43,1.97,711.8,10.36,2168,3.94,0.018,44.45,1.03,593.9,1955,2124,193.1,0.86,1002,8.97,4.46,164.6,4072,76691,2.29,0.93,61.03,13112,0.22,42.21,571.1,193.5,769.1,2781,8.22,14.61,9.38,1.91,13.49,8.45,36.86,292.4,996.8,0.64,1.94,1.37,6.63,0.073,6.18,61.43,1345,16.49,1.3,1033,9.22,6.94,1.57,32.24,5528,2276,2417,12.3,111.7,4968,15.67,5.81,4,137.4,68.15,234.2,80.62,1127,1.88,9.11,109.1,9.12,0.39,228.6,3600,79.93,5.8,89.53,3669,1149,16.92,252.9,11.12,1078,761.5,2065,932.2,2181,41.73
2022,8055,2.33,600.6,0.091,2506,0.4,195.1,9.23,10.91,6.12,41.05,3.48,1.01,4550,1.2,0.81,12.25,7.68,2586,4.86,428,2.93,74.19,2745,5.56,6.19,2281,1884,2.69,580.4,2613,51.91,1947,6204,22.15,1730,528.1,45.13,449.7,0.0006,14.38,4043,1.83,39.23,7.8,2.94,231,19427,3.23,41.71,0.33,254.5,188.9,570.7,38.76,99.48,294.6,0.83,33.45,8432,5.32,3.73,59.85,148.5,296.1,9.66,29.45,2108,7.33,0.7,363,2418,345.8,14.14,858.1,111.9,12.14,0.22,20875,6698,253,675.2,3.62,5.52,39.13,46.31,41.98,82.65,58.6,5762,2.96,3.73,65.69,196.7,4.66,14.21,266,1062,76.3,2.03,0.41,4339,1560,161.7,2.05,3547,0.42,1.53,654.3,7.35,937.6,3.63,0.018,27.72,0.92,452.9,1151,1754,96.57,1,809.7,7.61,13.33,81.04,3832,75278,0.47,1.39,10.22,10975,0.24,28.73,484.7,106.9,436.5,1689,5.17,13.66,10.3,2.34,16.94,6.11,23.52,173.6,921.7,0.55,0.97,0.71,6.19,0.046,5.28,44.14,1187,8.79,1.55,950.6,15.21,2.87,2.75,26.82,4849,1538,2254,13.19,72.14,4350,9.55,5.32,3.17,98.88,39.63,676.2,72.14,1038,1.76,5,65.24,7.51,0.53,228.9,3115,36.17,2.3,104.5,3497,751.5,6.67,253.9,9.42,927.8,698.6,1691,604.7,1825,24.3
2023,7646,1.98,566.1,0.059,2531,0.38,167.4,6.76,7.1,4.7,22.39,3.29,3.28,4017,1.1,0.71,3.91,4.95,2477,4.65,380.8,1.52,95.07,1741,2.27,3.48,1762,1807,2.58,496.8,2472,42.04,1652,6123,17.42,1446,418.6,43.59,456.5,0.0002,12.53,3579,0.96,33.38,1.98,2.48,228.8,18661,2.12,38.76,0.26,252.9,149.7,407.8,38.88,94.98,288.6,0.55,34.93,8003,5.03,3.43,46.67,159.9,290.9,8.62,26.04,2083,3.53,0.66,353.5,2409,326.9,12.53,846.3,109.3,9.95,0.13,18687,6298,185.9,765.3,2.02,4.29,24.91,42.96,23.08,72.57,39.22,5682,2.73,3.83,63.16,182.9,2.67,13.96,266.4,1068,74,1.64,0.81,4460,1490,115,1.84,3495,0.35,1.27,658.8,7.78,858,3.23,0.019,26.34,0.41,439.4,1037,1669,106.5,0.83,815.5,7.22,4.16,79.79,3839,74559,0.47,0.67,10.67,10669,0.17,26.45,481.7,79.7,277.6,1541,4.98,12.95,2.08,1.16,8.96,6.16,21.45,122,907.8,0.4,0.89,0.69,5.58,0.015,4.9,40.18,1263,6.43,0.73,915.4,2.91,2.34,0.6,26.42,4437,1395,2271,9.17,59.37,4301,9.1,3.94,4.57,106.3,37.62,203.7,58.79,1011,1.61,8.7,59.9,7.24,0.38,156.8,2917,31.72,2.64,57.18,6472,608.3,5.12,249.7,8.99,967.9,660.8,1642,585.8,1777,23.59
